id;apodo;nombre;apellido;fecha_nacimiento
1;"kEv";migración ubiquitous algoritmo;Ladrillo;2022-03-12
2;"4SP";Toallas cohesiva;Account;2022-03-12
3;"lzs";IB;Irlanda Videojuegos Coordinador;2022-03-12
4;"dB6";indexing;copy;2022-03-12
5;"e";repurpose Granito;Murcia Parafarmacia;2022-03-11
6;"1We";website;Home;2022-03-11
7;"wxH";Productor circuito;mobile Extramuros;2022-03-12
8;"OIO";Artesanal Blanco Fantástico;deposit out-of-the-box;2022-03-12
9;"Dv8";withdrawal;hacking;2022-03-12
10;"wKT";CFA Videojuegos SCSI;withdrawal Navarra Borders;2022-03-12
